warehouse_id,sku,mean_daily_demand,std_daily_demand,total_units_sold,mean_price,category,cv,consumption_value
S001,P0001,137.3064295485636,108.18785893813579,100371,55.05737346101232,Groceries,0.788,5526163.63
S001,P0002,131.03830369357044,104.31321989990398,95789,55.45325581395349,Furniture,0.796,5311811.92
S001,P0003,141.4404924760602,107.21122514209723,103393,54.33708618331054,Groceries,0.758,5618074.35
S001,P0004,140.90424076607388,113.6441170415594,103001,55.605991792065666,Electronics,0.807,5727472.76
S001,P0005,133.1299589603283,107.36887290250596,97318,53.894103967168256,Groceries,0.806,5244866.41
S001,P0006,130.6730506155951,109.01526133639567,95522,55.2903830369357,Groceries,0.834,5281447.97
S001,P0007,137.8235294117647,111.19889766930544,100749,54.703529411764706,Electronics,0.807,5511325.88
S001,P0008,137.1326949384405,108.69904492649799,100244,55.131668946648425,Electronics,0.793,5526619.02
S001,P0009,131.43638850889192,107.08680253328265,96080,55.40010943912449,Furniture,0.815,5322842.51
S001,P0010,132.3611491108071,105.91637083958466,96756,56.620465116279064,Toys,0.8,5478369.72
S001,P0011,132.4924760601915,109.90265124887547,96852,54.38160054719562,Electronics,0.83,5266966.78
S001,P0012,128.39124487004105,102.24027638373987,93854,54.03842681258549,Clothing,0.796,5071722.51
S001,P0013,132.87414500683994,109.16111268388767,97131,54.802900136798904,Groceries,0.822,5323060.49
S001,P0014,136.62106703146375,110.66719227478023,99870,55.52217510259918,Toys,0.81,5544999.63
S001,P0015,137.88645690834474,112.80404622056196,100795,54.64704514363885,Furniture,0.818,5508148.92
S001,P0016,132.9329685362517,107.53893029050003,97174,55.88120383036936,Groceries,0.809,5430200.1
S001,P0017,136.44870041039673,108.96537609105432,99744,55.53049247606019,Clothing,0.799,5538833.44
S001,P0018,138.81668946648426,109.09711293085292,101475,55.28614227086183,Electronics,0.786,5610161.29
S001,P0019,134.73050615595076,109.54662427486042,98488,55.11626538987688,Clothing,0.813,5428290.75
S001,P0020,138.3638850889193,111.24549679398355,101144,55.541367989056084,Toys,0.804,5617676.12
S002,P0001,145.00547195622434,113.5742710234577,105999,53.701709986320104,Groceries,0.783,5692327.56
S002,P0002,128.78659370725035,106.05093573707896,94143,56.036757865937076,Furniture,0.823,5275468.5
S002,P0003,133.00547195622434,111.33821100723073,97227,55.012941176470584,Groceries,0.837,5348743.23
S002,P0004,138.4268125854993,108.64648488267214,101190,54.794582763337885,Electronics,0.785,5544663.83
S002,P0005,132.5718194254446,104.43645888526372,96910,56.30813953488372,Groceries,0.788,5456821.8
S002,P0006,133.26675786593708,105.04498046477056,97418,54.17949384404925,Groceries,0.788,5278057.93
S002,P0007,137.62106703146375,112.77169344850438,100601,54.6489876880985,Electronics,0.819,5497742.81
S002,P0008,128.8987688098495,106.8498402822629,94225,55.95887824897401,Electronics,0.829,5272725.3
S002,P0009,144.1532147742818,112.42161860021477,105376,55.47526675786593,Furniture,0.78,5845761.71
S002,P0010,135.44733242134063,112.86893066737879,99012,54.85242134062928,Toys,0.833,5431047.94
S002,P0011,135.62927496580028,108.68977175552503,99145,57.95499316005472,Electronics,0.801,5745947.8
S002,P0012,140.25718194254446,111.77827643111473,102528,52.90084815321477,Clothing,0.797,5423818.16
S002,P0013,134.22161422708618,106.21054367142533,98116,55.17993160054719,Groceries,0.791,5414034.17
S002,P0014,134.406292749658,105.0137912081489,98251,55.67681258549931,Toys,0.781,5470302.51
S002,P0015,130.78796169630644,104.00118633453319,95606,54.904705882352935,Furniture,0.795,5249219.31
S002,P0016,138.24760601915185,108.40938507185744,101059,55.531792065663474,Groceries,0.784,5611987.37
S002,P0017,132.31053351573186,106.46327110498018,96719,53.28300957592339,Clothing,0.805,5153479.4
S002,P0018,140.19425444596442,111.48600511636609,102482,54.40798905608755,Electronics,0.795,5575839.53
S002,P0019,131.82626538987688,107.4316025524728,96365,54.48688098495212,Clothing,0.815,5250628.29
S002,P0020,144.10807113543092,113.53653966400911,105343,56.87057455540356,Toys,0.788,5990916.94
S003,P0001,129.4391244870041,106.35729419659694,94620,56.07571819425444,Groceries,0.822,5305884.46
S003,P0002,142.74965800273597,111.97201942201693,104350,53.98410396716826,Furniture,0.784,5633241.25
S003,P0003,126.6155950752394,102.90707992614607,92556,55.43459644322846,Groceries,0.813,5130804.51
S003,P0004,132.2298221614227,104.88645778759336,96660,55.08593707250342,Electronics,0.793,5324606.68
S003,P0005,144.1969904240766,109.33996019314995,105408,54.43176470588236,Groceries,0.758,5737543.45
S003,P0006,139.7715458276334,114.09931295432166,102173,56.278796169630645,Groceries,0.816,5750173.44
S003,P0007,138.8016415868673,110.78787727331068,101464,56.67221614227086,Electronics,0.798,5750189.74
S003,P0008,133.87688098495212,109.75859512814928,97864,54.294993160054716,Electronics,0.82,5313525.21
S003,P0009,140.46785225718193,112.71413711169038,102682,54.2072366621067,Furniture,0.802,5566107.47
S003,P0010,136.00820793433653,109.32285947490756,99422,55.109726402188784,Toys,0.804,5479119.22
S003,P0011,138.703146374829,108.62368483850555,101392,56.45790697674419,Electronics,0.783,5724380.1
S003,P0012,137.52257181942545,111.9082328160302,100529,54.289179206566345,Clothing,0.814,5457636.9
S003,P0013,147.03009575923392,112.60350695220833,107479,55.95893296853625,Groceries,0.766,6014410.16
S003,P0014,143.89603283173736,113.02368583435276,105188,55.805362517099866,Toys,0.785,5870054.47
S003,P0015,138.3296853625171,108.01200812129186,101119,54.266142270861835,Furniture,0.781,5487338.04
S003,P0016,141.7797537619699,111.65492057297993,103641,53.48001367989056,Groceries,0.788,5542722.1
S003,P0017,143.0451436388509,107.77586782433052,104566,54.51012311901505,Clothing,0.753,5699905.53
S003,P0018,132.02051983584133,108.30291545553044,96507,54.79538987688098,Electronics,0.82,5288138.69
S003,P0019,142.9876880984952,111.19987489640695,104524,54.95452804377565,Clothing,0.778,5744067.09
S003,P0020,137.55403556771546,108.505985035326,100552,55.59103967168263,Toys,0.789,5589790.22
S004,P0001,138.53625170998632,110.96888240446259,101270,54.69290013679891,Groceries,0.801,5538750.0
S004,P0002,130.44870041039673,103.44434561018655,95358,56.290109439124485,Furniture,0.793,5367712.26
S004,P0003,129.18741450068399,107.45779244176163,94436,54.895294117647055,Groceries,0.832,5184092.0
S004,P0004,131.07250341997263,107.11691958827265,95814,56.54269493844049,Electronics,0.817,5417581.77
S004,P0005,137.22161422708618,107.08327382082236,100309,56.51782489740082,Groceries,0.78,5669246.5
S004,P0006,141.10396716826264,108.43642224442635,103147,52.69305061559508,Groceries,0.768,5435130.09
S004,P0007,130.38166894664843,105.83721355506863,95309,54.06019151846785,Electronics,0.812,5152422.79
S004,P0008,134.5704514363885,106.93720550026958,98371,56.100793433652534,Electronics,0.795,5518691.15
S004,P0009,134.59644322845418,112.50827641246958,98390,55.32694938440493,Furniture,0.836,5443618.55
S004,P0010,137.79480164158687,111.13236104560265,100728,54.69833105335158,Toys,0.807,5509653.49
S004,P0011,139.7387140902873,106.62313027727609,102149,56.35678522571819,Electronics,0.763,5756789.25
S004,P0012,131.77428180574555,103.96000124190255,96327,56.86109439124487,Clothing,0.789,5477258.64
S004,P0013,131.3939808481532,104.83602678309296,96049,54.298139534883724,Groceries,0.798,5215282.0
S004,P0014,142.13953488372093,110.99633319527744,103904,55.50711354309165,Toys,0.781,5767411.13
S004,P0015,137.70725034199725,108.20158350684117,100664,53.92797537619699,Furniture,0.786,5428605.71
S004,P0016,143.33378932968537,107.6979957802064,104777,55.0512585499316,Groceries,0.751,5768105.72
S004,P0017,135.59917920656633,107.62738587880963,99123,54.87198358413132,Clothing,0.794,5439075.63
S004,P0018,128.62243502051984,103.71676257214219,94023,54.595964432284546,Electronics,0.806,5133276.36
S004,P0019,136.52257181942545,110.57376127090852,99798,54.860109439124486,Clothing,0.81,5474929.2
S004,P0020,135.83994528043775,106.71924678831598,99299,54.33715458276334,Toys,0.786,5395625.11
S005,P0001,131.0547195622435,106.90544927111807,95801,53.20894664842681,Groceries,0.816,5097470.3
S005,P0002,134.3187414500684,105.80630230369552,98187,54.5744049247606,Furniture,0.788,5358497.1
S005,P0003,144.55129958960327,111.92577546777223,105667,54.74887824897401,Groceries,0.774,5785149.72
S005,P0004,135.20656634746922,111.78194164252096,98836,55.665622435020516,Electronics,0.827,5501767.46
S005,P0005,141.86456908344732,105.77498469281909,103703,53.966114911080716,Groceries,0.746,5596448.01
S005,P0006,135.25444596443228,107.17878210236412,98871,55.39536251709987,Groceries,0.792,5476994.89
S005,P0007,138.43775649794802,111.87697449345477,101198,54.504678522571815,Electronics,0.808,5515764.46
S005,P0008,133.8700410396717,111.20045243513685,97859,55.26083447332421,Electronics,0.831,5407770.0
S005,P0009,136.19425444596442,107.78041105896416,99558,55.371614227086184,Furniture,0.791,5512687.17
S005,P0010,137.55266757865937,109.45874760751558,100551,55.52404924760602,Toys,0.796,5582998.68
S005,P0011,136.5581395348837,107.5099376041918,99824,57.01518467852257,Electronics,0.787,5691483.8
S005,P0012,134.65389876880985,108.37954260526632,98432,56.713556771545825,Clothing,0.805,5582428.82
S005,P0013,139.32147742818057,107.31240690187924,101844,55.07261285909713,Groceries,0.77,5608815.18
S005,P0014,137.35841313269495,111.1665792869202,100409,56.296443228454166,Toys,0.809,5652669.57
S005,P0015,149.24623803009575,115.67931391279532,109099,56.107701778385774,Furniture,0.775,6121294.16
S005,P0016,139.29001367989056,111.57666150807475,101821,54.21588235294117,Groceries,0.801,5520315.36
S005,P0017,137.28864569083447,108.61727514508995,100358,55.03718194254446,Clothing,0.791,5523421.51
S005,P0018,134.15047879616964,109.7959966790991,98064,55.0003830369357,Electronics,0.818,5393557.56
S005,P0019,135.05335157318743,108.6579963160057,98724,55.97362517099863,Clothing,0.805,5525940.17
S005,P0020,138.6730506155951,111.1407158114971,101370,55.280013679890565,Toys,0.801,5603734.99
